ayah_key,surah_number,ayah_number,script_type,display_text,source_name,source_reference,source_checksum,audit_status,source_match_status,review_status
1:1,1,1,UTHMANI,"بِسْمِ ٱللَّهِ ٱلرَّحْمَـٰنِ ٱلرَّحِيمِ","Tanzil Uthmani XML",sourcedata/1/quran-uthmani.xml,8c5aeae20363a98f6963720d29fce040ca8b56a8e75f8b564c257fce7f6d0417,"structurally present",unavailable,"needs human review"
1:1,1,1,INDOPAK,"بِسْمِ اللّٰهِ الرَّحْمٰنِ الرَّحِيْمِ ۝","Tanzil Simple Clean XML",sourcedata/2/quran-simple-clean.xml,140787b7c399b11d54bfa72c237075916084232efa8a4cddf704cc8a2a74b1fe,"structurally present",unavailable,"needs human review"
1:2,1,2,UTHMANI,"ٱلْحَمْدُ لِلَّهِ رَبِّ ٱلْعَـٰلَمِينَ","Tanzil Uthmani XML",sourcedata/1/quran-uthmani.xml,8c5aeae20363a98f6963720d29fce040ca8b56a8e75f8b564c257fce7f6d0417,"structurally present",unavailable,"needs human review"
1:2,1,2,INDOPAK,"اَلْحَمْدُ لِلّٰهِ رَبِّ الْعٰلَمِيْنَ ۝١ۙ","Tanzil Simple Clean XML",sourcedata/2/quran-simple-clean.xml,140787b7c399b11d54bfa72c237075916084232efa8a4cddf704cc8a2a74b1fe,"structurally present",unavailable,"needs human review"
1:3,1,3,UTHMANI,"ٱلرَّحْمَـٰنِ ٱلرَّحِيمِ","Tanzil Uthmani XML",sourcedata/1/quran-uthmani.xml,8c5aeae20363a98f6963720d29fce040ca8b56a8e75f8b564c257fce7f6d0417,"structurally present",unavailable,"needs human review"
1:3,1,3,INDOPAK,"الرَّحْمٰنِ الرَّحِيْمِ ۝٢ۙ","Tanzil Simple Clean XML",sourcedata/2/quran-simple-clean.xml,140787b7c399b11d54bfa72c237075916084232efa8a4cddf704cc8a2a74b1fe,"structurally present",unavailable,"needs human review"
1:4,1,4,UTHMANI,"مَـٰلِكِ يَوْمِ ٱلدِّينِ","Tanzil Uthmani XML",sourcedata/1/quran-uthmani.xml,8c5aeae20363a98f6963720d29fce040ca8b56a8e75f8b564c257fce7f6d0417,"structurally present",unavailable,"needs human review"
1:4,1,4,INDOPAK,"مٰلِكِ يَوْمِ الدِّيْنِ ۝٣ؕ","Tanzil Simple Clean XML",sourcedata/2/quran-simple-clean.xml,140787b7c399b11d54bfa72c237075916084232efa8a4cddf704cc8a2a74b1fe,"structurally present",unavailable,"needs human review"
1:5,1,5,UTHMANI,"إِيَّاكَ نَعْبُدُ وَإِيَّاكَ نَسْتَعِينُ","Tanzil Uthmani XML",sourcedata/1/quran-uthmani.xml,8c5aeae20363a98f6963720d29fce040ca8b56a8e75f8b564c257fce7f6d0417,"structurally present",unavailable,"needs human review"
1:5,1,5,INDOPAK,"اِيَّاكَ نَعْبُدُ وَاِيَّاكَ نَسْتَعِيْنُ ۝٤ؕ","Tanzil Simple Clean XML",sourcedata/2/quran-simple-clean.xml,140787b7c399b11d54bfa72c237075916084232efa8a4cddf704cc8a2a74b1fe,"structurally present",unavailable,"needs human review"
1:6,1,6,UTHMANI,"ٱهْدِنَا ٱلصِّرَٰطَ ٱلْمُسْتَقِيمَ","Tanzil Uthmani XML",sourcedata/1/quran-uthmani.xml,8c5aeae20363a98f6963720d29fce040ca8b56a8e75f8b564c257fce7f6d0417,"structurally present",unavailable,"needs human review"
1:6,1,6,INDOPAK,"اِهْدِنَا الصِّرَاطَ الْمُسْتَقِيْمَ ۝٥ۙ","Tanzil Simple Clean XML",sourcedata/2/quran-simple-clean.xml,140787b7c399b11d54bfa72c237075916084232efa8a4cddf704cc8a2a74b1fe,"structurally present",unavailable,"needs human review"
1:7,1,7,UTHMANI,"صِرَٰطَ ٱلَّذِينَ أَنْعَمْتَ عَلَيْهِمْ غَيْرِ ٱلْمَغْضُوبِ عَلَيْهِمْ وَلَا ٱلضَّآلِّينَ","Tanzil Uthmani XML",sourcedata/1/quran-uthmani.xml,8c5aeae20363a98f6963720d29fce040ca8b56a8e75f8b564c257fce7f6d0417,"structurally present",unavailable,"needs human review"
1:7,1,7,INDOPAK,"صِرَاطَ الَّذِيْنَ اَنْعَمْتَ عَلَيْهِمْ‮٦࣢ۙ غَيْرِ الْمَغْضُوْبِ عَلَيْهِمْ وَلَا الضَّا࢜لِّيْنَ ۝٧ࣖ","Tanzil Simple Clean XML",sourcedata/2/quran-simple-clean.xml,140787b7c399b11d54bfa72c237075916084232efa8a4cddf704cc8a2a74b1fe,"structurally present",unavailable,"needs human review"
2:1,2,1,UTHMANI,"الٓمٓ","Tanzil Uthmani XML",sourcedata/1/quran-uthmani.xml,8c5aeae20363a98f6963720d29fce040ca8b56a8e75f8b564c257fce7f6d0417,"structurally present",unavailable,"needs human review"
2:1,2,1,INDOPAK,"ال࢜مّ࢜ ۝١ۚ","Tanzil Simple Clean XML",sourcedata/2/quran-simple-clean.xml,140787b7c399b11d54bfa72c237075916084232efa8a4cddf704cc8a2a74b1fe,"structurally present",unavailable,"needs human review"
2:2,2,2,UTHMANI,"ذَٰلِكَ ٱلْكِتَـٰبُ لَا رَيْبَ ۛ فِيهِ ۛ هُدًى لِّلْمُتَّقِينَ","Tanzil Uthmani XML",sourcedata/1/quran-uthmani.xml,8c5aeae20363a98f6963720d29fce040ca8b56a8e75f8b564c257fce7f6d0417,"structurally present",unavailable,"needs human review"
2:2,2,2,INDOPAK,"ذٰلِكَ الْكِتٰبُ لَا رَيْبَۚۖۛ فِيْهِۚۛ هُدًي لِّلْمُتَّقِيْنَ ۝٢ۙ","Tanzil Simple Clean XML",sourcedata/2/quran-simple-clean.xml,140787b7c399b11d54bfa72c237075916084232efa8a4cddf704cc8a2a74b1fe,"structurally present",unavailable,"needs human review"
2:3,2,3,UTHMANI,"ٱلَّذِينَ يُؤْمِنُونَ بِٱلْغَيْبِ وَيُقِيمُونَ ٱلصَّلَوٰةَ وَمِمَّا رَزَقْنَـٰهُمْ يُنفِقُونَ","Tanzil Uthmani XML",sourcedata/1/quran-uthmani.xml,8c5aeae20363a98f6963720d29fce040ca8b56a8e75f8b564c257fce7f6d0417,"structurally present",unavailable,"needs human review"
2:3,2,3,INDOPAK,"الَّذِيْنَ يُو͏ٔ͏ْمِنُوْنَ بِالْغَيْبِ وَيُقِيْمُوْنَ الصَّلٰوةَ وَمِمَّا رَزَقْنٰهُمْ يُنْفِقُوْنَ ۝٣ۙ","Tanzil Simple Clean XML",sourcedata/2/quran-simple-clean.xml,140787b7c399b11d54bfa72c237075916084232efa8a4cddf704cc8a2a74b1fe,"structurally present",unavailable,"needs human review"
2:4,2,4,UTHMANI,"وَٱلَّذِينَ يُؤْمِنُونَ بِمَآ أُنزِلَ إِلَيْكَ وَمَآ أُنزِلَ مِن قَبْلِكَ وَبِٱلْـَٔاخِرَةِ هُمْ يُوقِنُونَ","Tanzil Uthmani XML",sourcedata/1/quran-uthmani.xml,8c5aeae20363a98f6963720d29fce040ca8b56a8e75f8b564c257fce7f6d0417,"structurally present",unavailable,"needs human review"
2:4,2,4,INDOPAK,"وَالَّذِيْنَ يُو͏ٔ͏ْمِنُوْنَ بِمَا͏ٓ اُنْزِلَ اِلَيْكَ وَمَا͏ٓ اُنْزِلَ مِنْ قَبْلِكَۚ وَبِالْاٰخِرَةِ هُمْ يُوْقِنُوْنَ ۝٤ؕ","Tanzil Simple Clean XML",sourcedata/2/quran-simple-clean.xml,140787b7c399b11d54bfa72c237075916084232efa8a4cddf704cc8a2a74b1fe,"structurally present",unavailable,"needs human review"
2:5,2,5,UTHMANI,"أُو۟لَـٰٓئِكَ عَلَىٰ هُدًى مِّن رَّبِّهِمْ ۖ وَأُو۟لَـٰٓئِكَ هُمُ ٱلْمُفْلِحُونَ","Tanzil Uthmani XML",sourcedata/1/quran-uthmani.xml,8c5aeae20363a98f6963720d29fce040ca8b56a8e75f8b564c257fce7f6d0417,"structurally present",unavailable,"needs human review"
2:5,2,5,INDOPAK,"اُولٰ࢜ىِٕكَ عَلٰي هُدًي مِّنْ رَّبِّهِمْࣗ وَاُولٰ࢜ىِٕكَ هُمُ الْمُفْلِحُوْنَ ۝٥","Tanzil Simple Clean XML",sourcedata/2/quran-simple-clean.xml,140787b7c399b11d54bfa72c237075916084232efa8a4cddf704cc8a2a74b1fe,"structurally present",unavailable,"needs human review"
2:255,2,255,UTHMANI,"ٱللَّهُ لَآ إِلَـٰهَ إِلَّا هُوَ ٱلْحَىُّ ٱلْقَيُّومُ ۚ لَا تَأْخُذُهُۥ سِنَةٌ وَلَا نَوْمٌ ۚ لَّهُۥ مَا فِى ٱلسَّمَـٰوَٰتِ وَمَا فِى ٱلْأَرْضِ ۗ مَن ذَا ٱلَّذِى يَشْفَعُ عِندَهُۥٓ إِلَّا بِإِذْنِهِۦ ۚ يَعْلَمُ مَا بَيْنَ أَيْدِيهِمْ وَمَا خَلْفَهُمْ ۖ وَلَا يُحِيطُونَ بِشَىْءٍ مِّنْ عِلْمِهِۦٓ إِلَّا بِمَا شَآءَ ۚ وَسِعَ كُرْسِيُّهُ ٱلسَّمَـٰوَٰتِ وَٱلْأَرْضَ ۖ وَلَا يَـُٔودُهُۥ حِفْظُهُمَا ۚ وَهُوَ ٱلْعَلِىُّ ٱلْعَظِيمُ","Tanzil Uthmani XML",sourcedata/1/quran-uthmani.xml,8c5aeae20363a98f6963720d29fce040ca8b56a8e75f8b564c257fce7f6d0417,"structurally present",unavailable,"needs human review"
2:255,2,255,INDOPAK,"اَللّٰهُ لَا͏ٓ اِلٰهَ اِلَّا هُوَۚ اَلْحَيُّ الْقَيُّوْمُ࣢ۚ لَا تَاْخُذُهٗ سِنَةٌ وَّلَا نَوْمٌؕ لَهٗ مَا فِي السَّمٰوٰتِ وَمَا فِي الْاَرْضِؕ مَنْ ذَا الَّذِيْ يَشْفَعُ عِنْدَهٗٓ اِلَّا بِاِذْنِهٖؕ يَعْلَمُ مَا بَيْنَ اَيْدِيْهِمْ وَمَا خَلْفَهُمْۚ وَلَا يُحِيْطُوْنَ بِشَيْءٍ مِّنْ عِلْمِهٖٓ اِلَّا بِمَا شَا࢜ءَۚ وَسِعَ كُرْسِيُّهُ السَّمٰوٰتِ وَالْاَرْضَۚ وَلَا يَـُٔوْدُهٗ حِفْظُهُمَاۚ وَهُوَ الْعَلِيُّ الْعَظِيْمُ ۝٢٥٥","Tanzil Simple Clean XML",sourcedata/2/quran-simple-clean.xml,140787b7c399b11d54bfa72c237075916084232efa8a4cddf704cc8a2a74b1fe,"structurally present",unavailable,"needs human review"
3:18,3,18,UTHMANI,"شَهِدَ ٱللَّهُ أَنَّهُۥ لَآ إِلَـٰهَ إِلَّا هُوَ وَٱلْمَلَـٰٓئِكَةُ وَأُو۟لُوا۟ ٱلْعِلْمِ قَآئِمًۢا بِٱلْقِسْطِ ۚ لَآ إِلَـٰهَ إِلَّا هُوَ ٱلْعَزِيزُ ٱلْحَكِيمُ","Tanzil Uthmani XML",sourcedata/1/quran-uthmani.xml,8c5aeae20363a98f6963720d29fce040ca8b56a8e75f8b564c257fce7f6d0417,"structurally present",unavailable,"needs human review"
3:18,3,18,INDOPAK,"شَهِدَ اللّٰهُ اَنَّهٗ لَا͏ٓ اِلٰهَ اِلَّا هُوَۙ وَالْمَلٰ࢜ىِٕكَةُ وَاُولُوا الْعِلْمِ قَا࢜ىِٕمًاۢ بِالْقِسْطِؕ لَا͏ٓ اِلٰهَ اِلَّا هُوَ الْعَزِيْزُ الْحَكِيْمُ ۝١٨ؕ","Tanzil Simple Clean XML",sourcedata/2/quran-simple-clean.xml,140787b7c399b11d54bfa72c237075916084232efa8a4cddf704cc8a2a74b1fe,"structurally present",unavailable,"needs human review"
36:1,36,1,UTHMANI,"يسٓ","Tanzil Uthmani XML",sourcedata/1/quran-uthmani.xml,8c5aeae20363a98f6963720d29fce040ca8b56a8e75f8b564c257fce7f6d0417,"structurally present",unavailable,"needs human review"
36:1,36,1,INDOPAK,"يٰس࢜ ۝١ۚ","Tanzil Simple Clean XML",sourcedata/2/quran-simple-clean.xml,140787b7c399b11d54bfa72c237075916084232efa8a4cddf704cc8a2a74b1fe,"structurally present",unavailable,"needs human review"
36:2,36,2,UTHMANI,"وَٱلْقُرْءَانِ ٱلْحَكِيمِ","Tanzil Uthmani XML",sourcedata/1/quran-uthmani.xml,8c5aeae20363a98f6963720d29fce040ca8b56a8e75f8b564c257fce7f6d0417,"structurally present",unavailable,"needs human review"
36:2,36,2,INDOPAK,"وَالْقُرْاٰنِ الْحَكِيْمِ ۝٢ۙ","Tanzil Simple Clean XML",sourcedata/2/quran-simple-clean.xml,140787b7c399b11d54bfa72c237075916084232efa8a4cddf704cc8a2a74b1fe,"structurally present",unavailable,"needs human review"
36:3,36,3,UTHMANI,"إِنَّكَ لَمِنَ ٱلْمُرْسَلِينَ","Tanzil Uthmani XML",sourcedata/1/quran-uthmani.xml,8c5aeae20363a98f6963720d29fce040ca8b56a8e75f8b564c257fce7f6d0417,"structurally present",unavailable,"needs human review"
36:3,36,3,INDOPAK,"اِنَّكَ لَمِنَ الْمُرْسَلِيْنَ ۝٣ۙ","Tanzil Simple Clean XML",sourcedata/2/quran-simple-clean.xml,140787b7c399b11d54bfa72c237075916084232efa8a4cddf704cc8a2a74b1fe,"structurally present",unavailable,"needs human review"
36:4,36,4,UTHMANI,"عَلَىٰ صِرَٰطٍ مُّسْتَقِيمٍ","Tanzil Uthmani XML",sourcedata/1/quran-uthmani.xml,8c5aeae20363a98f6963720d29fce040ca8b56a8e75f8b564c257fce7f6d0417,"structurally present",unavailable,"needs human review"
36:4,36,4,INDOPAK,"عَلٰي صِرَاطٍ مُّسْتَقِيْمٍ ۝٤ؕ","Tanzil Simple Clean XML",sourcedata/2/quran-simple-clean.xml,140787b7c399b11d54bfa72c237075916084232efa8a4cddf704cc8a2a74b1fe,"structurally present",unavailable,"needs human review"
36:5,36,5,UTHMANI,"تَنزِيلَ ٱلْعَزِيزِ ٱلرَّحِيمِ","Tanzil Uthmani XML",sourcedata/1/quran-uthmani.xml,8c5aeae20363a98f6963720d29fce040ca8b56a8e75f8b564c257fce7f6d0417,"structurally present",unavailable,"needs human review"
36:5,36,5,INDOPAK,"تَنْزِيْلَ الْعَزِيْزِ الرَّحِيْمِ ۝٥ۙ","Tanzil Simple Clean XML",sourcedata/2/quran-simple-clean.xml,140787b7c399b11d54bfa72c237075916084232efa8a4cddf704cc8a2a74b1fe,"structurally present",unavailable,"needs human review"
36:6,36,6,UTHMANI,"لِتُنذِرَ قَوْمًا مَّآ أُنذِرَ ءَابَآؤُهُمْ فَهُمْ غَـٰفِلُونَ","Tanzil Uthmani XML",sourcedata/1/quran-uthmani.xml,8c5aeae20363a98f6963720d29fce040ca8b56a8e75f8b564c257fce7f6d0417,"structurally present",unavailable,"needs human review"
36:6,36,6,INDOPAK,"لِتُنْذِرَ قَوْمًا مَّا͏ٓ اُنْذِرَ اٰبَا࢜و͏ٔ͏ُهُمْ فَهُمْ غٰفِلُوْنَ ۝٦","Tanzil Simple Clean XML",sourcedata/2/quran-simple-clean.xml,140787b7c399b11d54bfa72c237075916084232efa8a4cddf704cc8a2a74b1fe,"structurally present",unavailable,"needs human review"
36:7,36,7,UTHMANI,"لَقَدْ حَقَّ ٱلْقَوْلُ عَلَىٰٓ أَكْثَرِهِمْ فَهُمْ لَا يُؤْمِنُونَ","Tanzil Uthmani XML",sourcedata/1/quran-uthmani.xml,8c5aeae20363a98f6963720d29fce040ca8b56a8e75f8b564c257fce7f6d0417,"structurally present",unavailable,"needs human review"
36:7,36,7,INDOPAK,"لَقَدْ حَقَّ الْقَوْلُ عَلٰٓي اَكْثَرِهِمْ فَهُمْ لَا يُو͏ٔ͏ْمِنُوْنَ ۝٧","Tanzil Simple Clean XML",sourcedata/2/quran-simple-clean.xml,140787b7c399b11d54bfa72c237075916084232efa8a4cddf704cc8a2a74b1fe,"structurally present",unavailable,"needs human review"
36:8,36,8,UTHMANI,"إِنَّا جَعَلْنَا فِىٓ أَعْنَـٰقِهِمْ أَغْلَـٰلًا فَهِىَ إِلَى ٱلْأَذْقَانِ فَهُم مُّقْمَحُونَ","Tanzil Uthmani XML",sourcedata/1/quran-uthmani.xml,8c5aeae20363a98f6963720d29fce040ca8b56a8e75f8b564c257fce7f6d0417,"structurally present",unavailable,"needs human review"
36:8,36,8,INDOPAK,"اِنَّا جَعَلْنَا فِيْٓ اَعْنَاقِهِمْ اَغْلٰلًا فَهِيَ اِلَي الْاَذْقَانِ فَهُمْ مُّقْمَحُوْنَ ۝٨","Tanzil Simple Clean XML",sourcedata/2/quran-simple-clean.xml,140787b7c399b11d54bfa72c237075916084232efa8a4cddf704cc8a2a74b1fe,"structurally present",unavailable,"needs human review"
36:9,36,9,UTHMANI,"وَجَعَلْنَا مِنۢ بَيْنِ أَيْدِيهِمْ سَدًّا وَمِنْ خَلْفِهِمْ سَدًّا فَأَغْشَيْنَـٰهُمْ فَهُمْ لَا يُبْصِرُونَ","Tanzil Uthmani XML",sourcedata/1/quran-uthmani.xml,8c5aeae20363a98f6963720d29fce040ca8b56a8e75f8b564c257fce7f6d0417,"structurally present",unavailable,"needs human review"
36:9,36,9,INDOPAK,"وَجَعَلْنَا مِنْۢ بَيْنِ اَيْدِيْهِمْ سَدًّا وَّمِنْ خَلْفِهِمْ سَدًّا فَاَغْشَيْنٰهُمْ فَهُمْ لَا يُبْصِرُوْنَ ۝٩","Tanzil Simple Clean XML",sourcedata/2/quran-simple-clean.xml,140787b7c399b11d54bfa72c237075916084232efa8a4cddf704cc8a2a74b1fe,"structurally present",unavailable,"needs human review"
36:10,36,10,UTHMANI,"وَسَوَآءٌ عَلَيْهِمْ ءَأَنذَرْتَهُمْ أَمْ لَمْ تُنذِرْهُمْ لَا يُؤْمِنُونَ","Tanzil Uthmani XML",sourcedata/1/quran-uthmani.xml,8c5aeae20363a98f6963720d29fce040ca8b56a8e75f8b564c257fce7f6d0417,"structurally present",unavailable,"needs human review"
36:10,36,10,INDOPAK,"وَسَوَا࢜ءٌ عَلَيْهِمْ ءَاَنْذَرْتَهُمْ اَمْ لَمْ تُنْذِرْهُمْ لَا يُو͏ٔ͏ْمِنُوْنَ ۝١٠","Tanzil Simple Clean XML",sourcedata/2/quran-simple-clean.xml,140787b7c399b11d54bfa72c237075916084232efa8a4cddf704cc8a2a74b1fe,"structurally present",unavailable,"needs human review"
36:11,36,11,UTHMANI,"إِنَّمَا تُنذِرُ مَنِ ٱتَّبَعَ ٱلذِّكْرَ وَخَشِىَ ٱلرَّحْمَـٰنَ بِٱلْغَيْبِ ۖ فَبَشِّرْهُ بِمَغْفِرَةٍ وَأَجْرٍ كَرِيمٍ","Tanzil Uthmani XML",sourcedata/1/quran-uthmani.xml,8c5aeae20363a98f6963720d29fce040ca8b56a8e75f8b564c257fce7f6d0417,"structurally present",unavailable,"needs human review"
36:11,36,11,INDOPAK,"اِنَّمَا تُنْذِرُ مَنِ اتَّبَعَ الذِّكْرَ وَخَشِيَ الرَّحْمٰنَ بِالْغَيْبِۚ فَبَشِّرْهُ بِمَغْفِرَةٍ وَّاَجْرٍ كَرِيْمٍ ۝١١","Tanzil Simple Clean XML",sourcedata/2/quran-simple-clean.xml,140787b7c399b11d54bfa72c237075916084232efa8a4cddf704cc8a2a74b1fe,"structurally present",unavailable,"needs human review"
36:12,36,12,UTHMANI,"إِنَّا نَحْنُ نُحْىِ ٱلْمَوْتَىٰ وَنَكْتُبُ مَا قَدَّمُوا۟ وَءَاثَـٰرَهُمْ ۚ وَكُلَّ شَىْءٍ أَحْصَيْنَـٰهُ فِىٓ إِمَامٍ مُّبِينٍ","Tanzil Uthmani XML",sourcedata/1/quran-uthmani.xml,8c5aeae20363a98f6963720d29fce040ca8b56a8e75f8b564c257fce7f6d0417,"structurally present",unavailable,"needs human review"
36:12,36,12,INDOPAK,"اِنَّا نَحْنُ نُحْيِ الْمَوْتٰي وَنَكْتُبُ مَا قَدَّمُوْا وَاٰثَارَهُمْؕؔ وَكُلَّ شَيْءٍ اَحْصَيْنٰهُ فِيْٓ اِمَامٍ مُّبِيْنٍ ۝١٢ࣖ","Tanzil Simple Clean XML",sourcedata/2/quran-simple-clean.xml,140787b7c399b11d54bfa72c237075916084232efa8a4cddf704cc8a2a74b1fe,"structurally present",unavailable,"needs human review"
55:1,55,1,UTHMANI,"ٱلرَّحْمَـٰنُ","Tanzil Uthmani XML",sourcedata/1/quran-uthmani.xml,8c5aeae20363a98f6963720d29fce040ca8b56a8e75f8b564c257fce7f6d0417,"structurally present",unavailable,"needs human review"
55:1,55,1,INDOPAK,"اَلرَّحْمٰنُ ۝١ۙ","Tanzil Simple Clean XML",sourcedata/2/quran-simple-clean.xml,140787b7c399b11d54bfa72c237075916084232efa8a4cddf704cc8a2a74b1fe,"structurally present",unavailable,"needs human review"
55:2,55,2,UTHMANI,"عَلَّمَ ٱلْقُرْءَانَ","Tanzil Uthmani XML",sourcedata/1/quran-uthmani.xml,8c5aeae20363a98f6963720d29fce040ca8b56a8e75f8b564c257fce7f6d0417,"structurally present",unavailable,"needs human review"
55:2,55,2,INDOPAK,"عَلَّمَ الْقُرْاٰنَ ۝٢ؕ","Tanzil Simple Clean XML",sourcedata/2/quran-simple-clean.xml,140787b7c399b11d54bfa72c237075916084232efa8a4cddf704cc8a2a74b1fe,"structurally present",unavailable,"needs human review"
55:3,55,3,UTHMANI,"خَلَقَ ٱلْإِنسَـٰنَ","Tanzil Uthmani XML",sourcedata/1/quran-uthmani.xml,8c5aeae20363a98f6963720d29fce040ca8b56a8e75f8b564c257fce7f6d0417,"structurally present",unavailable,"needs human review"
55:3,55,3,INDOPAK,"خَلَقَ الْاِنْسَانَ ۝٣ۙ","Tanzil Simple Clean XML",sourcedata/2/quran-simple-clean.xml,140787b7c399b11d54bfa72c237075916084232efa8a4cddf704cc8a2a74b1fe,"structurally present",unavailable,"needs human review"
55:4,55,4,UTHMANI,"عَلَّمَهُ ٱلْبَيَانَ","Tanzil Uthmani XML",sourcedata/1/quran-uthmani.xml,8c5aeae20363a98f6963720d29fce040ca8b56a8e75f8b564c257fce7f6d0417,"structurally present",unavailable,"needs human review"
55:4,55,4,INDOPAK,"عَلَّمَهُ الْبَيَانَ ۝٤","Tanzil Simple Clean XML",sourcedata/2/quran-simple-clean.xml,140787b7c399b11d54bfa72c237075916084232efa8a4cddf704cc8a2a74b1fe,"structurally present",unavailable,"needs human review"
55:5,55,5,UTHMANI,"ٱلشَّمْسُ وَٱلْقَمَرُ بِحُسْبَانٍ","Tanzil Uthmani XML",sourcedata/1/quran-uthmani.xml,8c5aeae20363a98f6963720d29fce040ca8b56a8e75f8b564c257fce7f6d0417,"structurally present",unavailable,"needs human review"
55:5,55,5,INDOPAK,"اَلشَّمْسُ وَالْقَمَرُ بِحُسْبَانٍ ۝٥ۙ","Tanzil Simple Clean XML",sourcedata/2/quran-simple-clean.xml,140787b7c399b11d54bfa72c237075916084232efa8a4cddf704cc8a2a74b1fe,"structurally present",unavailable,"needs human review"
55:6,55,6,UTHMANI,"وَٱلنَّجْمُ وَٱلشَّجَرُ يَسْجُدَانِ","Tanzil Uthmani XML",sourcedata/1/quran-uthmani.xml,8c5aeae20363a98f6963720d29fce040ca8b56a8e75f8b564c257fce7f6d0417,"structurally present",unavailable,"needs human review"
55:6,55,6,INDOPAK,"وَّالنَّجْمُ وَالشَّجَرُ يَسْجُدٰنِ ۝٦","Tanzil Simple Clean XML",sourcedata/2/quran-simple-clean.xml,140787b7c399b11d54bfa72c237075916084232efa8a4cddf704cc8a2a74b1fe,"structurally present",unavailable,"needs human review"
55:7,55,7,UTHMANI,"وَٱلسَّمَآءَ رَفَعَهَا وَوَضَعَ ٱلْمِيزَانَ","Tanzil Uthmani XML",sourcedata/1/quran-uthmani.xml,8c5aeae20363a98f6963720d29fce040ca8b56a8e75f8b564c257fce7f6d0417,"structurally present",unavailable,"needs human review"
55:7,55,7,INDOPAK,"وَالسَّمَا࢜ءَ رَفَعَهَا وَوَضَعَ الْمِيْزَانَ ۝٧ۙ","Tanzil Simple Clean XML",sourcedata/2/quran-simple-clean.xml,140787b7c399b11d54bfa72c237075916084232efa8a4cddf704cc8a2a74b1fe,"structurally present",unavailable,"needs human review"
55:8,55,8,UTHMANI,"أَلَّا تَطْغَوْا۟ فِى ٱلْمِيزَانِ","Tanzil Uthmani XML",sourcedata/1/quran-uthmani.xml,8c5aeae20363a98f6963720d29fce040ca8b56a8e75f8b564c257fce7f6d0417,"structurally present",unavailable,"needs human review"
55:8,55,8,INDOPAK,"اَلَّا تَطْغَوْا فِي الْمِيْزَانِ ۝٨","Tanzil Simple Clean XML",sourcedata/2/quran-simple-clean.xml,140787b7c399b11d54bfa72c237075916084232efa8a4cddf704cc8a2a74b1fe,"structurally present",unavailable,"needs human review"
55:9,55,9,UTHMANI,"وَأَقِيمُوا۟ ٱلْوَزْنَ بِٱلْقِسْطِ وَلَا تُخْسِرُوا۟ ٱلْمِيزَانَ","Tanzil Uthmani XML",sourcedata/1/quran-uthmani.xml,8c5aeae20363a98f6963720d29fce040ca8b56a8e75f8b564c257fce7f6d0417,"structurally present",unavailable,"needs human review"
55:9,55,9,INDOPAK,"وَاَقِيْمُوا الْوَزْنَ بِالْقِسْطِ وَلَا تُخْسِرُوا الْمِيْزَانَ ۝٩","Tanzil Simple Clean XML",sourcedata/2/quran-simple-clean.xml,140787b7c399b11d54bfa72c237075916084232efa8a4cddf704cc8a2a74b1fe,"structurally present",unavailable,"needs human review"
55:10,55,10,UTHMANI,"وَٱلْأَرْضَ وَضَعَهَا لِلْأَنَامِ","Tanzil Uthmani XML",sourcedata/1/quran-uthmani.xml,8c5aeae20363a98f6963720d29fce040ca8b56a8e75f8b564c257fce7f6d0417,"structurally present",unavailable,"needs human review"
55:10,55,10,INDOPAK,"وَالْاَرْضَ وَضَعَهَا لِلْاَنَامِ ۝١٠ۙ","Tanzil Simple Clean XML",sourcedata/2/quran-simple-clean.xml,140787b7c399b11d54bfa72c237075916084232efa8a4cddf704cc8a2a74b1fe,"structurally present",unavailable,"needs human review"
55:11,55,11,UTHMANI,"فِيهَا فَـٰكِهَةٌ وَٱلنَّخْلُ ذَاتُ ٱلْأَكْمَامِ","Tanzil Uthmani XML",sourcedata/1/quran-uthmani.xml,8c5aeae20363a98f6963720d29fce040ca8b56a8e75f8b564c257fce7f6d0417,"structurally present",unavailable,"needs human review"
55:11,55,11,INDOPAK,"فِيْهَا فَاكِهَةٌ وَّالنَّخْلُ ذَاتُ الْاَكْمَامِ ۝١١ۖ","Tanzil Simple Clean XML",sourcedata/2/quran-simple-clean.xml,140787b7c399b11d54bfa72c237075916084232efa8a4cddf704cc8a2a74b1fe,"structurally present",unavailable,"needs human review"
55:12,55,12,UTHMANI,"وَٱلْحَبُّ ذُو ٱلْعَصْفِ وَٱلرَّيْحَانُ","Tanzil Uthmani XML",sourcedata/1/quran-uthmani.xml,8c5aeae20363a98f6963720d29fce040ca8b56a8e75f8b564c257fce7f6d0417,"structurally present",unavailable,"needs human review"
55:12,55,12,INDOPAK,"وَالْحَبُّ ذُو الْعَصْفِ وَالرَّيْحَانُ ۝١٢ۚ","Tanzil Simple Clean XML",sourcedata/2/quran-simple-clean.xml,140787b7c399b11d54bfa72c237075916084232efa8a4cddf704cc8a2a74b1fe,"structurally present",unavailable,"needs human review"
55:13,55,13,UTHMANI,"فَبِأَىِّ ءَالَآءِ رَبِّكُمَا تُكَذِّبَانِ","Tanzil Uthmani XML",sourcedata/1/quran-uthmani.xml,8c5aeae20363a98f6963720d29fce040ca8b56a8e75f8b564c257fce7f6d0417,"structurally present",unavailable,"needs human review"
55:13,55,13,INDOPAK,"فَبِاَيِّ اٰلَا࢜ءِ رَبِّكُمَا تُكَذِّبٰنِ ۝١٣","Tanzil Simple Clean XML",sourcedata/2/quran-simple-clean.xml,140787b7c399b11d54bfa72c237075916084232efa8a4cddf704cc8a2a74b1fe,"structurally present",unavailable,"needs human review"
67:1,67,1,UTHMANI,"تَبَـٰرَكَ ٱلَّذِى بِيَدِهِ ٱلْمُلْكُ وَهُوَ عَلَىٰ كُلِّ شَىْءٍ قَدِيرٌ","Tanzil Uthmani XML",sourcedata/1/quran-uthmani.xml,8c5aeae20363a98f6963720d29fce040ca8b56a8e75f8b564c257fce7f6d0417,"structurally present",unavailable,"needs human review"
67:1,67,1,INDOPAK,"تَبٰرَكَ الَّذِيْ بِيَدِهِ الْمُلْكُؗ وَهُوَ عَلٰي كُلِّ شَيْءٍ قَدِيْرُ ۝١ۙ","Tanzil Simple Clean XML",sourcedata/2/quran-simple-clean.xml,140787b7c399b11d54bfa72c237075916084232efa8a4cddf704cc8a2a74b1fe,"structurally present",unavailable,"needs human review"
67:2,67,2,UTHMANI,"ٱلَّذِى خَلَقَ ٱلْمَوْتَ وَٱلْحَيَوٰةَ لِيَبْلُوَكُمْ أَيُّكُمْ أَحْسَنُ عَمَلًا ۚ وَهُوَ ٱلْعَزِيزُ ٱلْغَفُورُ","Tanzil Uthmani XML",sourcedata/1/quran-uthmani.xml,8c5aeae20363a98f6963720d29fce040ca8b56a8e75f8b564c257fce7f6d0417,"structurally present",unavailable,"needs human review"
67:2,67,2,INDOPAK,"اࣙلَّذِيْ خَلَقَ الْمَوْتَ وَالْحَيٰوةَ لِيَبْلُوَكُمْ اَيُّكُمْ اَحْسَنُ عَمَلًاؕ وَهُوَ الْعَزِيْزُ الْغَفُوْرُ ۝٢ۙ","Tanzil Simple Clean XML",sourcedata/2/quran-simple-clean.xml,140787b7c399b11d54bfa72c237075916084232efa8a4cddf704cc8a2a74b1fe,"structurally present",unavailable,"needs human review"
67:3,67,3,UTHMANI,"ٱلَّذِى خَلَقَ سَبْعَ سَمَـٰوَٰتٍ طِبَاقًا ۖ مَّا تَرَىٰ فِى خَلْقِ ٱلرَّحْمَـٰنِ مِن تَفَـٰوُتٍ ۖ فَٱرْجِعِ ٱلْبَصَرَ هَلْ تَرَىٰ مِن فُطُورٍ","Tanzil Uthmani XML",sourcedata/1/quran-uthmani.xml,8c5aeae20363a98f6963720d29fce040ca8b56a8e75f8b564c257fce7f6d0417,"structurally present",unavailable,"needs human review"
67:3,67,3,INDOPAK,"الَّذِيْ خَلَقَ سَبْعَ سَمٰوٰتٍ طِبَاقًاؕ مَا تَرٰي فِيْ خَلْقِ الرَّحْمٰنِ مِنْ تَفٰوُتٍؕ فَارْجِعِ الْبَصَرَۙ هَلْ تَرٰي مِنْ فُطُوْرٍ ۝٣","Tanzil Simple Clean XML",sourcedata/2/quran-simple-clean.xml,140787b7c399b11d54bfa72c237075916084232efa8a4cddf704cc8a2a74b1fe,"structurally present",unavailable,"needs human review"
67:4,67,4,UTHMANI,"ثُمَّ ٱرْجِعِ ٱلْبَصَرَ كَرَّتَيْنِ يَنقَلِبْ إِلَيْكَ ٱلْبَصَرُ خَاسِئًا وَهُوَ حَسِيرٌ","Tanzil Uthmani XML",sourcedata/1/quran-uthmani.xml,8c5aeae20363a98f6963720d29fce040ca8b56a8e75f8b564c257fce7f6d0417,"structurally present",unavailable,"needs human review"
67:4,67,4,INDOPAK,"ثُمَّ ارْجِعِ الْبَصَرَ كَرَّتَيْنِ يَنْقَلِبْ اِلَيْكَ الْبَصَرُ خَاسِي͏ٔ͏ًا وَّهُوَ حَسِيْرٌ ۝٤","Tanzil Simple Clean XML",sourcedata/2/quran-simple-clean.xml,140787b7c399b11d54bfa72c237075916084232efa8a4cddf704cc8a2a74b1fe,"structurally present",unavailable,"needs human review"
67:5,67,5,UTHMANI,"وَلَقَدْ زَيَّنَّا ٱلسَّمَآءَ ٱلدُّنْيَا بِمَصَـٰبِيحَ وَجَعَلْنَـٰهَا رُجُومًا لِّلشَّيَـٰطِينِ ۖ وَأَعْتَدْنَا لَهُمْ عَذَابَ ٱلسَّعِيرِ","Tanzil Uthmani XML",sourcedata/1/quran-uthmani.xml,8c5aeae20363a98f6963720d29fce040ca8b56a8e75f8b564c257fce7f6d0417,"structurally present",unavailable,"needs human review"
67:5,67,5,INDOPAK,"وَلَقَدْ زَيَّنَّا السَّمَا࢜ءَ الدُّنْيَا بِمَصَابِيْحَ وَجَعَلْنٰهَا رُجُوْمًا لِّلشَّيٰطِيْنِ وَاَعْتَدْنَا لَهُمْ عَذَابَ السَّعِيْرِ ۝٥","Tanzil Simple Clean XML",sourcedata/2/quran-simple-clean.xml,140787b7c399b11d54bfa72c237075916084232efa8a4cddf704cc8a2a74b1fe,"structurally present",unavailable,"needs human review"
67:6,67,6,UTHMANI,"وَلِلَّذِينَ كَفَرُوا۟ بِرَبِّهِمْ عَذَابُ جَهَنَّمَ ۖ وَبِئْسَ ٱلْمَصِيرُ","Tanzil Uthmani XML",sourcedata/1/quran-uthmani.xml,8c5aeae20363a98f6963720d29fce040ca8b56a8e75f8b564c257fce7f6d0417,"structurally present",unavailable,"needs human review"
67:6,67,6,INDOPAK,"وَلِلَّذِيْنَ كَفَرُوْا بِرَبِّهِمْ عَذَابُ جَهَنَّمَؕ وَبِي͏ٔ͏ْسَ الْمَصِيْرُ ۝٦","Tanzil Simple Clean XML",sourcedata/2/quran-simple-clean.xml,140787b7c399b11d54bfa72c237075916084232efa8a4cddf704cc8a2a74b1fe,"structurally present",unavailable,"needs human review"
67:7,67,7,UTHMANI,"إِذَآ أُلْقُوا۟ فِيهَا سَمِعُوا۟ لَهَا شَهِيقًا وَهِىَ تَفُورُ","Tanzil Uthmani XML",sourcedata/1/quran-uthmani.xml,8c5aeae20363a98f6963720d29fce040ca8b56a8e75f8b564c257fce7f6d0417,"structurally present",unavailable,"needs human review"
67:7,67,7,INDOPAK,"اِذَا͏ٓ اُلْقُوْا فِيْهَا سَمِعُوْا لَهَا شَهِيْقًا وَّهِيَ تَفُوْرُ ۝٧ۙ","Tanzil Simple Clean XML",sourcedata/2/quran-simple-clean.xml,140787b7c399b11d54bfa72c237075916084232efa8a4cddf704cc8a2a74b1fe,"structurally present",unavailable,"needs human review"
67:8,67,8,UTHMANI,"تَكَادُ تَمَيَّزُ مِنَ ٱلْغَيْظِ ۖ كُلَّمَآ أُلْقِىَ فِيهَا فَوْجٌ سَأَلَهُمْ خَزَنَتُهَآ أَلَمْ يَأْتِكُمْ نَذِيرٌ","Tanzil Uthmani XML",sourcedata/1/quran-uthmani.xml,8c5aeae20363a98f6963720d29fce040ca8b56a8e75f8b564c257fce7f6d0417,"structurally present",unavailable,"needs human review"
67:8,67,8,INDOPAK,"تَكَادُ تَمَيَّزُ مِنَ الْغَيْظِؕ كُلَّمَا͏ٓ اُلْقِيَ فِيْهَا فَوْجٌ سَاَلَهُمْ خَزَنَتُهَا͏ٓ اَلَمْ يَاْتِكُمْ نَذِيْرٌ ۝٨","Tanzil Simple Clean XML",sourcedata/2/quran-simple-clean.xml,140787b7c399b11d54bfa72c237075916084232efa8a4cddf704cc8a2a74b1fe,"structurally present",unavailable,"needs human review"
67:9,67,9,UTHMANI,"قَالُوا۟ بَلَىٰ قَدْ جَآءَنَا نَذِيرٌ فَكَذَّبْنَا وَقُلْنَا مَا نَزَّلَ ٱللَّهُ مِن شَىْءٍ إِنْ أَنتُمْ إِلَّا فِى ضَلَـٰلٍ كَبِيرٍ","Tanzil Uthmani XML",sourcedata/1/quran-uthmani.xml,8c5aeae20363a98f6963720d29fce040ca8b56a8e75f8b564c257fce7f6d0417,"structurally present",unavailable,"needs human review"
67:9,67,9,INDOPAK,"قَالُوْا بَلٰي قَدْ جَا࢜ءَنَا نَذِيْرٌ࣢ۙ فَكَذَّبْنَا وَقُلْنَا مَا نَزَّلَ اللّٰهُ مِنْ شَيْءٍۚۖ اِنْ اَنْتُمْ اِلَّا فِيْ ضَلٰلٍ كَبِيْرٍ ۝٩","Tanzil Simple Clean XML",sourcedata/2/quran-simple-clean.xml,140787b7c399b11d54bfa72c237075916084232efa8a4cddf704cc8a2a74b1fe,"structurally present",unavailable,"needs human review"
67:10,67,10,UTHMANI,"وَقَالُوا۟ لَوْ كُنَّا نَسْمَعُ أَوْ نَعْقِلُ مَا كُنَّا فِىٓ أَصْحَـٰبِ ٱلسَّعِيرِ","Tanzil Uthmani XML",sourcedata/1/quran-uthmani.xml,8c5aeae20363a98f6963720d29fce040ca8b56a8e75f8b564c257fce7f6d0417,"structurally present",unavailable,"needs human review"
67:10,67,10,INDOPAK,"وَقَالُوْا لَوْ كُنَّا نَسْمَعُ اَوْ نَعْقِلُ مَا كُنَّا فِيْٓ اَصْحٰبِ السَّعِيْرِ ۝١٠","Tanzil Simple Clean XML",sourcedata/2/quran-simple-clean.xml,140787b7c399b11d54bfa72c237075916084232efa8a4cddf704cc8a2a74b1fe,"structurally present",unavailable,"needs human review"
112:1,112,1,UTHMANI,"قُلْ هُوَ ٱللَّهُ أَحَدٌ","Tanzil Uthmani XML",sourcedata/1/quran-uthmani.xml,8c5aeae20363a98f6963720d29fce040ca8b56a8e75f8b564c257fce7f6d0417,"structurally present",unavailable,"needs human review"
112:1,112,1,INDOPAK,"قُلْ هُوَ اللّٰهُ اَحَدٌ ۝١ۚ","Tanzil Simple Clean XML",sourcedata/2/quran-simple-clean.xml,140787b7c399b11d54bfa72c237075916084232efa8a4cddf704cc8a2a74b1fe,"structurally present",unavailable,"needs human review"
112:2,112,2,UTHMANI,"ٱللَّهُ ٱلصَّمَدُ","Tanzil Uthmani XML",sourcedata/1/quran-uthmani.xml,8c5aeae20363a98f6963720d29fce040ca8b56a8e75f8b564c257fce7f6d0417,"structurally present",unavailable,"needs human review"
112:2,112,2,INDOPAK,"اَللّٰهُ الصَّمَدُ ۝٢ۚ","Tanzil Simple Clean XML",sourcedata/2/quran-simple-clean.xml,140787b7c399b11d54bfa72c237075916084232efa8a4cddf704cc8a2a74b1fe,"structurally present",unavailable,"needs human review"
112:3,112,3,UTHMANI,"لَمْ يَلِدْ وَلَمْ يُولَدْ","Tanzil Uthmani XML",sourcedata/1/quran-uthmani.xml,8c5aeae20363a98f6963720d29fce040ca8b56a8e75f8b564c257fce7f6d0417,"structurally present",unavailable,"needs human review"
112:3,112,3,INDOPAK,"لَمْ يَلِدْ࣢ۙ وَلَمْ يُوْلَدْ ۝٣ۙ","Tanzil Simple Clean XML",sourcedata/2/quran-simple-clean.xml,140787b7c399b11d54bfa72c237075916084232efa8a4cddf704cc8a2a74b1fe,"structurally present",unavailable,"needs human review"
112:4,112,4,UTHMANI,"وَلَمْ يَكُن لَّهُۥ كُفُوًا أَحَدٌۢ","Tanzil Uthmani XML",sourcedata/1/quran-uthmani.xml,8c5aeae20363a98f6963720d29fce040ca8b56a8e75f8b564c257fce7f6d0417,"structurally present",unavailable,"needs human review"
112:4,112,4,INDOPAK,"وَلَمْ يَكُنْ لَّهٗ كُفُوًا اَحَدٌ ۝٤ࣖ","Tanzil Simple Clean XML",sourcedata/2/quran-simple-clean.xml,140787b7c399b11d54bfa72c237075916084232efa8a4cddf704cc8a2a74b1fe,"structurally present",unavailable,"needs human review"
113:1,113,1,UTHMANI,"قُلْ أَعُوذُ بِرَبِّ ٱلْفَلَقِ","Tanzil Uthmani XML",sourcedata/1/quran-uthmani.xml,8c5aeae20363a98f6963720d29fce040ca8b56a8e75f8b564c257fce7f6d0417,"structurally present",unavailable,"needs human review"
113:1,113,1,INDOPAK,"قُلْ اَعُوْذُ بِرَبِّ الْفَلَقِ ۝١ۙ","Tanzil Simple Clean XML",sourcedata/2/quran-simple-clean.xml,140787b7c399b11d54bfa72c237075916084232efa8a4cddf704cc8a2a74b1fe,"structurally present",unavailable,"needs human review"
113:2,113,2,UTHMANI,"مِن شَرِّ مَا خَلَقَ","Tanzil Uthmani XML",sourcedata/1/quran-uthmani.xml,8c5aeae20363a98f6963720d29fce040ca8b56a8e75f8b564c257fce7f6d0417,"structurally present",unavailable,"needs human review"
113:2,113,2,INDOPAK,"مِنْ شَرِّ مَا خَلَقَ ۝٢ۙ","Tanzil Simple Clean XML",sourcedata/2/quran-simple-clean.xml,140787b7c399b11d54bfa72c237075916084232efa8a4cddf704cc8a2a74b1fe,"structurally present",unavailable,"needs human review"
113:3,113,3,UTHMANI,"وَمِن شَرِّ غَاسِقٍ إِذَا وَقَبَ","Tanzil Uthmani XML",sourcedata/1/quran-uthmani.xml,8c5aeae20363a98f6963720d29fce040ca8b56a8e75f8b564c257fce7f6d0417,"structurally present",unavailable,"needs human review"
113:3,113,3,INDOPAK,"وَمِنْ شَرِّ غَاسِقٍ اِذَا وَقَبَ ۝٣ۙ","Tanzil Simple Clean XML",sourcedata/2/quran-simple-clean.xml,140787b7c399b11d54bfa72c237075916084232efa8a4cddf704cc8a2a74b1fe,"structurally present",unavailable,"needs human review"
113:4,113,4,UTHMANI,"وَمِن شَرِّ ٱلنَّفَّـٰثَـٰتِ فِى ٱلْعُقَدِ","Tanzil Uthmani XML",sourcedata/1/quran-uthmani.xml,8c5aeae20363a98f6963720d29fce040ca8b56a8e75f8b564c257fce7f6d0417,"structurally present",unavailable,"needs human review"
113:4,113,4,INDOPAK,"وَمِنْ شَرِّ النَّفّٰثٰتِ فِي الْعُقَدِ ۝٤ۙ","Tanzil Simple Clean XML",sourcedata/2/quran-simple-clean.xml,140787b7c399b11d54bfa72c237075916084232efa8a4cddf704cc8a2a74b1fe,"structurally present",unavailable,"needs human review"
113:5,113,5,UTHMANI,"وَمِن شَرِّ حَاسِدٍ إِذَا حَسَدَ","Tanzil Uthmani XML",sourcedata/1/quran-uthmani.xml,8c5aeae20363a98f6963720d29fce040ca8b56a8e75f8b564c257fce7f6d0417,"structurally present",unavailable,"needs human review"
113:5,113,5,INDOPAK,"وَمِنْ شَرِّ حَاسِدٍ اِذَا حَسَدَ ۝٥ࣖ","Tanzil Simple Clean XML",sourcedata/2/quran-simple-clean.xml,140787b7c399b11d54bfa72c237075916084232efa8a4cddf704cc8a2a74b1fe,"structurally present",unavailable,"needs human review"
114:1,114,1,UTHMANI,"قُلْ أَعُوذُ بِرَبِّ ٱلنَّاسِ","Tanzil Uthmani XML",sourcedata/1/quran-uthmani.xml,8c5aeae20363a98f6963720d29fce040ca8b56a8e75f8b564c257fce7f6d0417,"structurally present",unavailable,"needs human review"
114:1,114,1,INDOPAK,"قُلْ اَعُوْذُ بِرَبِّ النَّاسِ ۝١ۙ","Tanzil Simple Clean XML",sourcedata/2/quran-simple-clean.xml,140787b7c399b11d54bfa72c237075916084232efa8a4cddf704cc8a2a74b1fe,"structurally present",unavailable,"needs human review"
114:2,114,2,UTHMANI,"مَلِكِ ٱلنَّاسِ","Tanzil Uthmani XML",sourcedata/1/quran-uthmani.xml,8c5aeae20363a98f6963720d29fce040ca8b56a8e75f8b564c257fce7f6d0417,"structurally present",unavailable,"needs human review"
114:2,114,2,INDOPAK,"مَلِكِ النَّاسِ ۝٢ۙ","Tanzil Simple Clean XML",sourcedata/2/quran-simple-clean.xml,140787b7c399b11d54bfa72c237075916084232efa8a4cddf704cc8a2a74b1fe,"structurally present",unavailable,"needs human review"
114:3,114,3,UTHMANI,"إِلَـٰهِ ٱلنَّاسِ","Tanzil Uthmani XML",sourcedata/1/quran-uthmani.xml,8c5aeae20363a98f6963720d29fce040ca8b56a8e75f8b564c257fce7f6d0417,"structurally present",unavailable,"needs human review"
114:3,114,3,INDOPAK,"اِلٰهِ النَّاسِ ۝٣ۙ","Tanzil Simple Clean XML",sourcedata/2/quran-simple-clean.xml,140787b7c399b11d54bfa72c237075916084232efa8a4cddf704cc8a2a74b1fe,"structurally present",unavailable,"needs human review"
114:4,114,4,UTHMANI,"مِن شَرِّ ٱلْوَسْوَاسِ ٱلْخَنَّاسِ","Tanzil Uthmani XML",sourcedata/1/quran-uthmani.xml,8c5aeae20363a98f6963720d29fce040ca8b56a8e75f8b564c257fce7f6d0417,"structurally present",unavailable,"needs human review"
114:4,114,4,INDOPAK,"مِنْ شَرِّ الْوَسْوَاسِ࣢ۙ الْخَنَّاسِ ۝٤ࣕۙ","Tanzil Simple Clean XML",sourcedata/2/quran-simple-clean.xml,140787b7c399b11d54bfa72c237075916084232efa8a4cddf704cc8a2a74b1fe,"structurally present",unavailable,"needs human review"
114:5,114,5,UTHMANI,"ٱلَّذِى يُوَسْوِسُ فِى صُدُورِ ٱلنَّاسِ","Tanzil Uthmani XML",sourcedata/1/quran-uthmani.xml,8c5aeae20363a98f6963720d29fce040ca8b56a8e75f8b564c257fce7f6d0417,"structurally present",unavailable,"needs human review"
114:5,114,5,INDOPAK,"الَّذِيْ يُوَسْوِسُ فِيْ صُدُوْرِ النَّاسِ ۝٥ۙ","Tanzil Simple Clean XML",sourcedata/2/quran-simple-clean.xml,140787b7c399b11d54bfa72c237075916084232efa8a4cddf704cc8a2a74b1fe,"structurally present",unavailable,"needs human review"
114:6,114,6,UTHMANI,"مِنَ ٱلْجِنَّةِ وَٱلنَّاسِ","Tanzil Uthmani XML",sourcedata/1/quran-uthmani.xml,8c5aeae20363a98f6963720d29fce040ca8b56a8e75f8b564c257fce7f6d0417,"structurally present",unavailable,"needs human review"
114:6,114,6,INDOPAK,"مِنَ الْجِنَّةِ وَالنَّاسِ ۝٦ࣖ","Tanzil Simple Clean XML",sourcedata/2/quran-simple-clean.xml,140787b7c399b11d54bfa72c237075916084232efa8a4cddf704cc8a2a74b1fe,"structurally present",unavailable,"needs human review"
