ayahKey,surahNumber,ayahNumber,surahNameSimple,scriptType,displayText,sourceName,sourceReference,sourceChecksum,reviewerDecision,reviewerNotes
1:1,1,1,Al-Fatihah,INDOPAK,"بِسْمِ اللّٰهِ الرَّحْمٰنِ الرَّحِيْمِ ۝","Tanzil Simple Clean XML",https://tanzil.net/download/,140787b7c399b11d54bfa72c237075916084232efa8a4cddf704cc8a2a74b1fe,"",""
1:2,1,2,Al-Fatihah,INDOPAK,"اَلْحَمْدُ لِلّٰهِ رَبِّ الْعٰلَمِيْنَ ۝١ۙ","Tanzil Simple Clean XML",https://tanzil.net/download/,140787b7c399b11d54bfa72c237075916084232efa8a4cddf704cc8a2a74b1fe,"",""
1:3,1,3,Al-Fatihah,INDOPAK,"الرَّحْمٰنِ الرَّحِيْمِ ۝٢ۙ","Tanzil Simple Clean XML",https://tanzil.net/download/,140787b7c399b11d54bfa72c237075916084232efa8a4cddf704cc8a2a74b1fe,"",""
1:4,1,4,Al-Fatihah,INDOPAK,"مٰلِكِ يَوْمِ الدِّيْنِ ۝٣ؕ","Tanzil Simple Clean XML",https://tanzil.net/download/,140787b7c399b11d54bfa72c237075916084232efa8a4cddf704cc8a2a74b1fe,"",""
1:5,1,5,Al-Fatihah,INDOPAK,"اِيَّاكَ نَعْبُدُ وَاِيَّاكَ نَسْتَعِيْنُ ۝٤ؕ","Tanzil Simple Clean XML",https://tanzil.net/download/,140787b7c399b11d54bfa72c237075916084232efa8a4cddf704cc8a2a74b1fe,"",""
1:6,1,6,Al-Fatihah,INDOPAK,"اِهْدِنَا الصِّرَاطَ الْمُسْتَقِيْمَ ۝٥ۙ","Tanzil Simple Clean XML",https://tanzil.net/download/,140787b7c399b11d54bfa72c237075916084232efa8a4cddf704cc8a2a74b1fe,"",""
1:7,1,7,Al-Fatihah,INDOPAK,"صِرَاطَ الَّذِيْنَ اَنْعَمْتَ عَلَيْهِمْ‮٦࣢ۙ غَيْرِ الْمَغْضُوْبِ عَلَيْهِمْ وَلَا الضَّا࢜لِّيْنَ ۝٧ࣖ","Tanzil Simple Clean XML",https://tanzil.net/download/,140787b7c399b11d54bfa72c237075916084232efa8a4cddf704cc8a2a74b1fe,"",""
2:1,2,1,Al-Baqarah,INDOPAK,"ال࢜مّ࢜ ۝١ۚ","Tanzil Simple Clean XML",https://tanzil.net/download/,140787b7c399b11d54bfa72c237075916084232efa8a4cddf704cc8a2a74b1fe,"",""
2:2,2,2,Al-Baqarah,INDOPAK,"ذٰلِكَ الْكِتٰبُ لَا رَيْبَۚۖۛ فِيْهِۚۛ هُدًي لِّلْمُتَّقِيْنَ ۝٢ۙ","Tanzil Simple Clean XML",https://tanzil.net/download/,140787b7c399b11d54bfa72c237075916084232efa8a4cddf704cc8a2a74b1fe,"",""
2:3,2,3,Al-Baqarah,INDOPAK,"الَّذِيْنَ يُو͏ٔ͏ْمِنُوْنَ بِالْغَيْبِ وَيُقِيْمُوْنَ الصَّلٰوةَ وَمِمَّا رَزَقْنٰهُمْ يُنْفِقُوْنَ ۝٣ۙ","Tanzil Simple Clean XML",https://tanzil.net/download/,140787b7c399b11d54bfa72c237075916084232efa8a4cddf704cc8a2a74b1fe,"",""
2:4,2,4,Al-Baqarah,INDOPAK,"وَالَّذِيْنَ يُو͏ٔ͏ْمِنُوْنَ بِمَا͏ٓ اُنْزِلَ اِلَيْكَ وَمَا͏ٓ اُنْزِلَ مِنْ قَبْلِكَۚ وَبِالْاٰخِرَةِ هُمْ يُوْقِنُوْنَ ۝٤ؕ","Tanzil Simple Clean XML",https://tanzil.net/download/,140787b7c399b11d54bfa72c237075916084232efa8a4cddf704cc8a2a74b1fe,"",""
2:5,2,5,Al-Baqarah,INDOPAK,"اُولٰ࢜ىِٕكَ عَلٰي هُدًي مِّنْ رَّبِّهِمْࣗ وَاُولٰ࢜ىِٕكَ هُمُ الْمُفْلِحُوْنَ ۝٥","Tanzil Simple Clean XML",https://tanzil.net/download/,140787b7c399b11d54bfa72c237075916084232efa8a4cddf704cc8a2a74b1fe,"",""
2:255,2,255,Al-Baqarah,INDOPAK,"اَللّٰهُ لَا͏ٓ اِلٰهَ اِلَّا هُوَۚ اَلْحَيُّ الْقَيُّوْمُ࣢ۚ لَا تَاْخُذُهٗ سِنَةٌ وَّلَا نَوْمٌؕ لَهٗ مَا فِي السَّمٰوٰتِ وَمَا فِي الْاَرْضِؕ مَنْ ذَا الَّذِيْ يَشْفَعُ عِنْدَهٗٓ اِلَّا بِاِذْنِهٖؕ يَعْلَمُ مَا بَيْنَ اَيْدِيْهِمْ وَمَا خَلْفَهُمْۚ وَلَا يُحِيْطُوْنَ بِشَيْءٍ مِّنْ عِلْمِهٖٓ اِلَّا بِمَا شَا࢜ءَۚ وَسِعَ كُرْسِيُّهُ السَّمٰوٰتِ وَالْاَرْضَۚ وَلَا يَـُٔوْدُهٗ حِفْظُهُمَاۚ وَهُوَ الْعَلِيُّ الْعَظِيْمُ ۝٢٥٥","Tanzil Simple Clean XML",https://tanzil.net/download/,140787b7c399b11d54bfa72c237075916084232efa8a4cddf704cc8a2a74b1fe,"",""
3:18,3,18,"Ali 'Imran",INDOPAK,"شَهِدَ اللّٰهُ اَنَّهٗ لَا͏ٓ اِلٰهَ اِلَّا هُوَۙ وَالْمَلٰ࢜ىِٕكَةُ وَاُولُوا الْعِلْمِ قَا࢜ىِٕمًاۢ بِالْقِسْطِؕ لَا͏ٓ اِلٰهَ اِلَّا هُوَ الْعَزِيْزُ الْحَكِيْمُ ۝١٨ؕ","Tanzil Simple Clean XML",https://tanzil.net/download/,140787b7c399b11d54bfa72c237075916084232efa8a4cddf704cc8a2a74b1fe,"",""
3:191,3,191,"Ali 'Imran",INDOPAK,"الَّذِيْنَ يَذْكُرُوْنَ اللّٰهَ قِيٰمًا وَّقُعُوْدًا وَّعَلٰي جُنُوْبِهِمْ وَيَتَفَكَّرُوْنَ فِيْ خَلْقِ السَّمٰوٰتِ وَالْاَرْضِۚ رَبَّنَا مَا خَلَقْتَ هٰذَا بَاطِلًاۚ سُبْحٰنَكَ فَقِنَا عَذَابَ النَّارِ ۝١٩١","Tanzil Simple Clean XML",https://tanzil.net/download/,140787b7c399b11d54bfa72c237075916084232efa8a4cddf704cc8a2a74b1fe,"",""
5:86,5,86,"Al-Ma'idah",INDOPAK,"وَالَّذِيْنَ كَفَرُوْا وَكَذَّبُوْا بِاٰيٰتِنَا͏ٓ اُولٰ࢜ىِٕكَ اَصْحٰبُ الْجَحِيْمِ ۝٨٦ࣖ","Tanzil Simple Clean XML",https://tanzil.net/download/,140787b7c399b11d54bfa72c237075916084232efa8a4cddf704cc8a2a74b1fe,"",""
7:170,7,170,"Al-A'raf",INDOPAK,"وَالَّذِيْنَ يُمَسِّكُوْنَ بِالْكِتٰبِ وَاَقَامُوا الصَّلٰوةَؕ اِنَّا لَا نُضِيْعُ اَجْرَ الْمُصْلِحِيْنَ ۝١٧٠","Tanzil Simple Clean XML",https://tanzil.net/download/,140787b7c399b11d54bfa72c237075916084232efa8a4cddf704cc8a2a74b1fe,"",""
11:61,11,61,Hud,INDOPAK,"وَاِلٰي ثَمُوْدَ اَخَاهُمْ صٰلِحًاۘ قَالَ يٰقَوْمِ اعْبُدُوا اللّٰهَ مَا لَكُمْ مِّنْ اِلٰهٍ غَيْرُهٗؕ هُوَ اَنْشَاَكُمْ مِّنَ الْاَرْضِ وَاسْتَعْمَرَكُمْ فِيْهَا فَاسْتَغْفِرُوْهُ ثُمَّ تُوْبُوْٓا اِلَيْهِؕ اِنَّ رَبِّيْ قَرِيْبٌ مُّجِيْبٌ ۝٦١","Tanzil Simple Clean XML",https://tanzil.net/download/,140787b7c399b11d54bfa72c237075916084232efa8a4cddf704cc8a2a74b1fe,"",""
15:74,15,74,Al-Hijr,INDOPAK,"فَجَعَلْنَا عَالِيَهَا سَافِلَهَا وَاَمْطَرْنَا عَلَيْهِمْ حِجَارَةً مِّنْ سِجِّيْلٍ ۝٧٤ؕ","Tanzil Simple Clean XML",https://tanzil.net/download/,140787b7c399b11d54bfa72c237075916084232efa8a4cddf704cc8a2a74b1fe,"",""
16:24,16,24,An-Nahl,INDOPAK,"وَاِذَا قِيْلَ لَهُمْ مَّاذَا͏ٓ اَنْزَلَ رَبُّكُمْۙ قَالُوْٓا اَسَاطِيْرُ الْاَوَّلِيْنَ ۝٢٤ۙ","Tanzil Simple Clean XML",https://tanzil.net/download/,140787b7c399b11d54bfa72c237075916084232efa8a4cddf704cc8a2a74b1fe,"",""
16:73,16,73,An-Nahl,INDOPAK,"وَيَعْبُدُوْنَ مِنْ دُوْنِ اللّٰهِ مَا لَا يَمْلِكُ لَهُمْ رِزْقًا مِّنَ السَّمٰوٰتِ وَالْاَرْضِ شَيْـًٔا وَّلَا يَسْتَطِيْعُوْنَ ۝٧٣ۚ","Tanzil Simple Clean XML",https://tanzil.net/download/,140787b7c399b11d54bfa72c237075916084232efa8a4cddf704cc8a2a74b1fe,"",""
17:3,17,3,Al-Isra,INDOPAK,"ذُرِّيَّةَ مَنْ حَمَلْنَا مَعَ نُوْحٍؕ اِنَّهٗ كَانَ عَبْدًا شَكُوْرًا ۝٣","Tanzil Simple Clean XML",https://tanzil.net/download/,140787b7c399b11d54bfa72c237075916084232efa8a4cddf704cc8a2a74b1fe,"",""
18:55,18,55,Al-Kahf,INDOPAK,"وَمَا مَنَعَ النَّاسَ اَنْ يُّو͏ٔ͏ْمِنُوْٓا اِذْ جَا࢜ءَهُمُ الْهُدٰي وَيَسْتَغْفِرُوْا رَبَّهُمْ اِلَّا͏ٓ اَنْ تَاْتِيَهُمْ سُنَّةُ الْاَوَّلِيْنَ اَوْ يَاْتِيَهُمُ الْعَذَابُ قُبُلًا ۝٥٥","Tanzil Simple Clean XML",https://tanzil.net/download/,140787b7c399b11d54bfa72c237075916084232efa8a4cddf704cc8a2a74b1fe,"",""
18:74,18,74,Al-Kahf,INDOPAK,"فَانْطَلَقَاࣟ حَتّٰٓي اِذَا لَقِيَا غُلٰمًا فَقَتَلَهٗۙ قَالَ اَقَتَلْتَ نَفْسًا زَكِيَّةًۢ بِغَيْرِ نَفْسٍؕ لَقَدْ جِي͏ٔ͏ْتَ شَيْـًٔا نُّكْرًا ۝٧٤","Tanzil Simple Clean XML",https://tanzil.net/download/,140787b7c399b11d54bfa72c237075916084232efa8a4cddf704cc8a2a74b1fe,"",""
22:62,22,62,Al-Hajj,INDOPAK,"ذٰلِكَ بِاَنَّ اللّٰهَ هُوَ الْحَقُّ وَاَنَّ مَا يَدْعُوْنَ مِنْ دُوْنِهٖ هُوَ الْبَاطِلُ وَاَنَّ اللّٰهَ هُوَ الْعَلِيُّ الْكَبِيْرُ ۝٦٢","Tanzil Simple Clean XML",https://tanzil.net/download/,140787b7c399b11d54bfa72c237075916084232efa8a4cddf704cc8a2a74b1fe,"",""
23:94,23,94,"Al-Mu'minun",INDOPAK,"رَبِّ فَلَا تَجْعَلْنِيْ فِي الْقَوْمِ الظّٰلِمِيْنَ ۝٩٤","Tanzil Simple Clean XML",https://tanzil.net/download/,140787b7c399b11d54bfa72c237075916084232efa8a4cddf704cc8a2a74b1fe,"",""
26:162,26,162,"Ash-Shu'ara",INDOPAK,"اِنِّيْ لَكُمْ رَسُوْلٌ اَمِيْنٌ ۝١٦٢ۙ","Tanzil Simple Clean XML",https://tanzil.net/download/,140787b7c399b11d54bfa72c237075916084232efa8a4cddf704cc8a2a74b1fe,"",""
26:196,26,196,"Ash-Shu'ara",INDOPAK,"وَاِنَّهٗ لَفِيْ زُبُرِ الْاَوَّلِيْنَ ۝١٩٦","Tanzil Simple Clean XML",https://tanzil.net/download/,140787b7c399b11d54bfa72c237075916084232efa8a4cddf704cc8a2a74b1fe,"",""
28:25,28,25,Al-Qasas,INDOPAK,"فَجَا࢜ءَتْهُ اِحْدٰىهُمَا تَمْشِيْ عَلَي اسْتِحْيَا࢜ءٍؗ قَالَتْ اِنَّ اَبِيْ يَدْعُوْكَ لِيَجْزِيَكَ اَجْرَ مَا سَقَيْتَ لَنَاؕ فَلَمَّا جَا࢜ءَهٗ وَقَصَّ عَلَيْهِ الْقَصَصَۙ قَالَ لَا تَخَفْࣞࣟ نَجَوْتَ مِنَ الْقَوْمِ الظّٰلِمِيْنَ ۝٢٥","Tanzil Simple Clean XML",https://tanzil.net/download/,140787b7c399b11d54bfa72c237075916084232efa8a4cddf704cc8a2a74b1fe,"",""
30:13,30,13,Ar-Rum,INDOPAK,"وَلَمْ يَكُنْ لَّهُمْ مِّنْ شُرَكَا࢜ىِٕهِمْ شُفَعٰ࢜و͏ٔ͏ُا وَكَانُوْا بِشُرَكَا࢜ىِٕهِمْ كٰفِرِيْنَ ۝١٣","Tanzil Simple Clean XML",https://tanzil.net/download/,140787b7c399b11d54bfa72c237075916084232efa8a4cddf704cc8a2a74b1fe,"",""
35:19,35,19,Fatir,INDOPAK,"وَمَا يَسْتَوِي الْاَعْمٰي وَالْبَصِيْرُ ۝١٩ۙ","Tanzil Simple Clean XML",https://tanzil.net/download/,140787b7c399b11d54bfa72c237075916084232efa8a4cddf704cc8a2a74b1fe,"",""
36:1,36,1,Ya-Sin,INDOPAK,"يٰس࢜ ۝١ۚ","Tanzil Simple Clean XML",https://tanzil.net/download/,140787b7c399b11d54bfa72c237075916084232efa8a4cddf704cc8a2a74b1fe,"",""
36:2,36,2,Ya-Sin,INDOPAK,"وَالْقُرْاٰنِ الْحَكِيْمِ ۝٢ۙ","Tanzil Simple Clean XML",https://tanzil.net/download/,140787b7c399b11d54bfa72c237075916084232efa8a4cddf704cc8a2a74b1fe,"",""
36:3,36,3,Ya-Sin,INDOPAK,"اِنَّكَ لَمِنَ الْمُرْسَلِيْنَ ۝٣ۙ","Tanzil Simple Clean XML",https://tanzil.net/download/,140787b7c399b11d54bfa72c237075916084232efa8a4cddf704cc8a2a74b1fe,"",""
36:4,36,4,Ya-Sin,INDOPAK,"عَلٰي صِرَاطٍ مُّسْتَقِيْمٍ ۝٤ؕ","Tanzil Simple Clean XML",https://tanzil.net/download/,140787b7c399b11d54bfa72c237075916084232efa8a4cddf704cc8a2a74b1fe,"",""
36:5,36,5,Ya-Sin,INDOPAK,"تَنْزِيْلَ الْعَزِيْزِ الرَّحِيْمِ ۝٥ۙ","Tanzil Simple Clean XML",https://tanzil.net/download/,140787b7c399b11d54bfa72c237075916084232efa8a4cddf704cc8a2a74b1fe,"",""
36:6,36,6,Ya-Sin,INDOPAK,"لِتُنْذِرَ قَوْمًا مَّا͏ٓ اُنْذِرَ اٰبَا࢜و͏ٔ͏ُهُمْ فَهُمْ غٰفِلُوْنَ ۝٦","Tanzil Simple Clean XML",https://tanzil.net/download/,140787b7c399b11d54bfa72c237075916084232efa8a4cddf704cc8a2a74b1fe,"",""
36:7,36,7,Ya-Sin,INDOPAK,"لَقَدْ حَقَّ الْقَوْلُ عَلٰٓي اَكْثَرِهِمْ فَهُمْ لَا يُو͏ٔ͏ْمِنُوْنَ ۝٧","Tanzil Simple Clean XML",https://tanzil.net/download/,140787b7c399b11d54bfa72c237075916084232efa8a4cddf704cc8a2a74b1fe,"",""
36:8,36,8,Ya-Sin,INDOPAK,"اِنَّا جَعَلْنَا فِيْٓ اَعْنَاقِهِمْ اَغْلٰلًا فَهِيَ اِلَي الْاَذْقَانِ فَهُمْ مُّقْمَحُوْنَ ۝٨","Tanzil Simple Clean XML",https://tanzil.net/download/,140787b7c399b11d54bfa72c237075916084232efa8a4cddf704cc8a2a74b1fe,"",""
36:9,36,9,Ya-Sin,INDOPAK,"وَجَعَلْنَا مِنْۢ بَيْنِ اَيْدِيْهِمْ سَدًّا وَّمِنْ خَلْفِهِمْ سَدًّا فَاَغْشَيْنٰهُمْ فَهُمْ لَا يُبْصِرُوْنَ ۝٩","Tanzil Simple Clean XML",https://tanzil.net/download/,140787b7c399b11d54bfa72c237075916084232efa8a4cddf704cc8a2a74b1fe,"",""
36:10,36,10,Ya-Sin,INDOPAK,"وَسَوَا࢜ءٌ عَلَيْهِمْ ءَاَنْذَرْتَهُمْ اَمْ لَمْ تُنْذِرْهُمْ لَا يُو͏ٔ͏ْمِنُوْنَ ۝١٠","Tanzil Simple Clean XML",https://tanzil.net/download/,140787b7c399b11d54bfa72c237075916084232efa8a4cddf704cc8a2a74b1fe,"",""
36:11,36,11,Ya-Sin,INDOPAK,"اِنَّمَا تُنْذِرُ مَنِ اتَّبَعَ الذِّكْرَ وَخَشِيَ الرَّحْمٰنَ بِالْغَيْبِۚ فَبَشِّرْهُ بِمَغْفِرَةٍ وَّاَجْرٍ كَرِيْمٍ ۝١١","Tanzil Simple Clean XML",https://tanzil.net/download/,140787b7c399b11d54bfa72c237075916084232efa8a4cddf704cc8a2a74b1fe,"",""
36:12,36,12,Ya-Sin,INDOPAK,"اِنَّا نَحْنُ نُحْيِ الْمَوْتٰي وَنَكْتُبُ مَا قَدَّمُوْا وَاٰثَارَهُمْؕؔ وَكُلَّ شَيْءٍ اَحْصَيْنٰهُ فِيْٓ اِمَامٍ مُّبِيْنٍ ۝١٢ࣖ","Tanzil Simple Clean XML",https://tanzil.net/download/,140787b7c399b11d54bfa72c237075916084232efa8a4cddf704cc8a2a74b1fe,"",""
37:172,37,172,As-Saffat,INDOPAK,"اِنَّهُمْ لَهُمُ الْمَنْصُوْرُوْنَ ۝١٧٢ࣕ","Tanzil Simple Clean XML",https://tanzil.net/download/,140787b7c399b11d54bfa72c237075916084232efa8a4cddf704cc8a2a74b1fe,"",""
39:9,39,9,Az-Zumar,INDOPAK,"اَمَّنْ هُوَ قَانِتٌ اٰنَا࢜ءَ الَّيْلِ سَاجِدًا وَّقَا࢜ىِٕمًا يَّحْذَرُ الْاٰخِرَةَ وَيَرْجُوْا رَحْمَةَ رَبِّهٖؕ قُلْ هَلْ يَسْتَوِي الَّذِيْنَ يَعْلَمُوْنَ وَالَّذِيْنَ لَا يَعْلَمُوْنَؕ اِنَّمَا يَتَذَكَّرُ اُولُوا الْاَلْبَابِ ۝٩ࣖ","Tanzil Simple Clean XML",https://tanzil.net/download/,140787b7c399b11d54bfa72c237075916084232efa8a4cddf704cc8a2a74b1fe,"",""
46:16,46,16,Al-Ahqaf,INDOPAK,"اُولٰ࢜ىِٕكَ الَّذِيْنَ نَتَقَبَّلُ عَنْهُمْ اَحْسَنَ مَا عَمِلُوْا وَنَتَجَاوَزُ عَنْ سَيِّاٰتِهِمْ فِيْٓ اَصْحٰبِ الْجَنَّةِؕ وَعْدَ الصِّدْقِ الَّذِيْ كَانُوْا يُوْعَدُوْنَ ۝١٦","Tanzil Simple Clean XML",https://tanzil.net/download/,140787b7c399b11d54bfa72c237075916084232efa8a4cddf704cc8a2a74b1fe,"",""
54:25,54,25,Al-Qamar,INDOPAK,"ءَاُلْقِيَ الذِّكْرُ عَلَيْهِ مِنْۢ بَيْنِنَا بَلْ هُوَ كَذَّابٌ اَشِرٌ ۝٢٥","Tanzil Simple Clean XML",https://tanzil.net/download/,140787b7c399b11d54bfa72c237075916084232efa8a4cddf704cc8a2a74b1fe,"",""
54:43,54,43,Al-Qamar,INDOPAK,"اَكُفَّارُكُمْ خَيْرٌ مِّنْ اُولٰ࢜ىِٕكُمْ اَمْ لَكُمْ بَرَا࢜ءَةٌ فِي الزُّبُرِ ۝٤٣ۚ","Tanzil Simple Clean XML",https://tanzil.net/download/,140787b7c399b11d54bfa72c237075916084232efa8a4cddf704cc8a2a74b1fe,"",""
55:1,55,1,Ar-Rahman,INDOPAK,"اَلرَّحْمٰنُ ۝١ۙ","Tanzil Simple Clean XML",https://tanzil.net/download/,140787b7c399b11d54bfa72c237075916084232efa8a4cddf704cc8a2a74b1fe,"",""
55:2,55,2,Ar-Rahman,INDOPAK,"عَلَّمَ الْقُرْاٰنَ ۝٢ؕ","Tanzil Simple Clean XML",https://tanzil.net/download/,140787b7c399b11d54bfa72c237075916084232efa8a4cddf704cc8a2a74b1fe,"",""
55:3,55,3,Ar-Rahman,INDOPAK,"خَلَقَ الْاِنْسَانَ ۝٣ۙ","Tanzil Simple Clean XML",https://tanzil.net/download/,140787b7c399b11d54bfa72c237075916084232efa8a4cddf704cc8a2a74b1fe,"",""
55:4,55,4,Ar-Rahman,INDOPAK,"عَلَّمَهُ الْبَيَانَ ۝٤","Tanzil Simple Clean XML",https://tanzil.net/download/,140787b7c399b11d54bfa72c237075916084232efa8a4cddf704cc8a2a74b1fe,"",""
55:5,55,5,Ar-Rahman,INDOPAK,"اَلشَّمْسُ وَالْقَمَرُ بِحُسْبَانٍ ۝٥ۙ","Tanzil Simple Clean XML",https://tanzil.net/download/,140787b7c399b11d54bfa72c237075916084232efa8a4cddf704cc8a2a74b1fe,"",""
55:6,55,6,Ar-Rahman,INDOPAK,"وَّالنَّجْمُ وَالشَّجَرُ يَسْجُدٰنِ ۝٦","Tanzil Simple Clean XML",https://tanzil.net/download/,140787b7c399b11d54bfa72c237075916084232efa8a4cddf704cc8a2a74b1fe,"",""
55:7,55,7,Ar-Rahman,INDOPAK,"وَالسَّمَا࢜ءَ رَفَعَهَا وَوَضَعَ الْمِيْزَانَ ۝٧ۙ","Tanzil Simple Clean XML",https://tanzil.net/download/,140787b7c399b11d54bfa72c237075916084232efa8a4cddf704cc8a2a74b1fe,"",""
55:8,55,8,Ar-Rahman,INDOPAK,"اَلَّا تَطْغَوْا فِي الْمِيْزَانِ ۝٨","Tanzil Simple Clean XML",https://tanzil.net/download/,140787b7c399b11d54bfa72c237075916084232efa8a4cddf704cc8a2a74b1fe,"",""
55:9,55,9,Ar-Rahman,INDOPAK,"وَاَقِيْمُوا الْوَزْنَ بِالْقِسْطِ وَلَا تُخْسِرُوا الْمِيْزَانَ ۝٩","Tanzil Simple Clean XML",https://tanzil.net/download/,140787b7c399b11d54bfa72c237075916084232efa8a4cddf704cc8a2a74b1fe,"",""
55:10,55,10,Ar-Rahman,INDOPAK,"وَالْاَرْضَ وَضَعَهَا لِلْاَنَامِ ۝١٠ۙ","Tanzil Simple Clean XML",https://tanzil.net/download/,140787b7c399b11d54bfa72c237075916084232efa8a4cddf704cc8a2a74b1fe,"",""
55:11,55,11,Ar-Rahman,INDOPAK,"فِيْهَا فَاكِهَةٌ وَّالنَّخْلُ ذَاتُ الْاَكْمَامِ ۝١١ۖ","Tanzil Simple Clean XML",https://tanzil.net/download/,140787b7c399b11d54bfa72c237075916084232efa8a4cddf704cc8a2a74b1fe,"",""
55:12,55,12,Ar-Rahman,INDOPAK,"وَالْحَبُّ ذُو الْعَصْفِ وَالرَّيْحَانُ ۝١٢ۚ","Tanzil Simple Clean XML",https://tanzil.net/download/,140787b7c399b11d54bfa72c237075916084232efa8a4cddf704cc8a2a74b1fe,"",""
55:13,55,13,Ar-Rahman,INDOPAK,"فَبِاَيِّ اٰلَا࢜ءِ رَبِّكُمَا تُكَذِّبٰنِ ۝١٣","Tanzil Simple Clean XML",https://tanzil.net/download/,140787b7c399b11d54bfa72c237075916084232efa8a4cddf704cc8a2a74b1fe,"",""
67:1,67,1,Al-Mulk,INDOPAK,"تَبٰرَكَ الَّذِيْ بِيَدِهِ الْمُلْكُؗ وَهُوَ عَلٰي كُلِّ شَيْءٍ قَدِيْرُ ۝١ۙ","Tanzil Simple Clean XML",https://tanzil.net/download/,140787b7c399b11d54bfa72c237075916084232efa8a4cddf704cc8a2a74b1fe,"",""
67:2,67,2,Al-Mulk,INDOPAK,"اࣙلَّذِيْ خَلَقَ الْمَوْتَ وَالْحَيٰوةَ لِيَبْلُوَكُمْ اَيُّكُمْ اَحْسَنُ عَمَلًاؕ وَهُوَ الْعَزِيْزُ الْغَفُوْرُ ۝٢ۙ","Tanzil Simple Clean XML",https://tanzil.net/download/,140787b7c399b11d54bfa72c237075916084232efa8a4cddf704cc8a2a74b1fe,"",""
67:3,67,3,Al-Mulk,INDOPAK,"الَّذِيْ خَلَقَ سَبْعَ سَمٰوٰتٍ طِبَاقًاؕ مَا تَرٰي فِيْ خَلْقِ الرَّحْمٰنِ مِنْ تَفٰوُتٍؕ فَارْجِعِ الْبَصَرَۙ هَلْ تَرٰي مِنْ فُطُوْرٍ ۝٣","Tanzil Simple Clean XML",https://tanzil.net/download/,140787b7c399b11d54bfa72c237075916084232efa8a4cddf704cc8a2a74b1fe,"",""
67:4,67,4,Al-Mulk,INDOPAK,"ثُمَّ ارْجِعِ الْبَصَرَ كَرَّتَيْنِ يَنْقَلِبْ اِلَيْكَ الْبَصَرُ خَاسِي͏ٔ͏ًا وَّهُوَ حَسِيْرٌ ۝٤","Tanzil Simple Clean XML",https://tanzil.net/download/,140787b7c399b11d54bfa72c237075916084232efa8a4cddf704cc8a2a74b1fe,"",""
67:5,67,5,Al-Mulk,INDOPAK,"وَلَقَدْ زَيَّنَّا السَّمَا࢜ءَ الدُّنْيَا بِمَصَابِيْحَ وَجَعَلْنٰهَا رُجُوْمًا لِّلشَّيٰطِيْنِ وَاَعْتَدْنَا لَهُمْ عَذَابَ السَّعِيْرِ ۝٥","Tanzil Simple Clean XML",https://tanzil.net/download/,140787b7c399b11d54bfa72c237075916084232efa8a4cddf704cc8a2a74b1fe,"",""
67:6,67,6,Al-Mulk,INDOPAK,"وَلِلَّذِيْنَ كَفَرُوْا بِرَبِّهِمْ عَذَابُ جَهَنَّمَؕ وَبِي͏ٔ͏ْسَ الْمَصِيْرُ ۝٦","Tanzil Simple Clean XML",https://tanzil.net/download/,140787b7c399b11d54bfa72c237075916084232efa8a4cddf704cc8a2a74b1fe,"",""
67:7,67,7,Al-Mulk,INDOPAK,"اِذَا͏ٓ اُلْقُوْا فِيْهَا سَمِعُوْا لَهَا شَهِيْقًا وَّهِيَ تَفُوْرُ ۝٧ۙ","Tanzil Simple Clean XML",https://tanzil.net/download/,140787b7c399b11d54bfa72c237075916084232efa8a4cddf704cc8a2a74b1fe,"",""
67:8,67,8,Al-Mulk,INDOPAK,"تَكَادُ تَمَيَّزُ مِنَ الْغَيْظِؕ كُلَّمَا͏ٓ اُلْقِيَ فِيْهَا فَوْجٌ سَاَلَهُمْ خَزَنَتُهَا͏ٓ اَلَمْ يَاْتِكُمْ نَذِيْرٌ ۝٨","Tanzil Simple Clean XML",https://tanzil.net/download/,140787b7c399b11d54bfa72c237075916084232efa8a4cddf704cc8a2a74b1fe,"",""
67:9,67,9,Al-Mulk,INDOPAK,"قَالُوْا بَلٰي قَدْ جَا࢜ءَنَا نَذِيْرٌ࣢ۙ فَكَذَّبْنَا وَقُلْنَا مَا نَزَّلَ اللّٰهُ مِنْ شَيْءٍۚۖ اِنْ اَنْتُمْ اِلَّا فِيْ ضَلٰلٍ كَبِيْرٍ ۝٩","Tanzil Simple Clean XML",https://tanzil.net/download/,140787b7c399b11d54bfa72c237075916084232efa8a4cddf704cc8a2a74b1fe,"",""
67:10,67,10,Al-Mulk,INDOPAK,"وَقَالُوْا لَوْ كُنَّا نَسْمَعُ اَوْ نَعْقِلُ مَا كُنَّا فِيْٓ اَصْحٰبِ السَّعِيْرِ ۝١٠","Tanzil Simple Clean XML",https://tanzil.net/download/,140787b7c399b11d54bfa72c237075916084232efa8a4cddf704cc8a2a74b1fe,"",""
72:25,72,25,Al-Jinn,INDOPAK,"قُلْ اِنْ اَدْرِيْٓ اَقَرِيْبٌ مَّا تُوْعَدُوْنَ اَمْ يَجْعَلُ لَهٗ رَبِّيْٓ اَمَدًا ۝٢٥","Tanzil Simple Clean XML",https://tanzil.net/download/,140787b7c399b11d54bfa72c237075916084232efa8a4cddf704cc8a2a74b1fe,"",""
75:31,75,31,Al-Qiyamah,INDOPAK,"فَلَا صَدَّقَ وَلَا صَلّٰى ۝٣١ۙ","Tanzil Simple Clean XML",https://tanzil.net/download/,140787b7c399b11d54bfa72c237075916084232efa8a4cddf704cc8a2a74b1fe,"",""
79:3,79,3,"An-Nazi'at",INDOPAK,"وَّالسّٰبِحٰتِ سَبْحًا ۝٣ۙ","Tanzil Simple Clean XML",https://tanzil.net/download/,140787b7c399b11d54bfa72c237075916084232efa8a4cddf704cc8a2a74b1fe,"",""
86:4,86,4,At-Tariq,INDOPAK,"اِنْ كُلُّ نَفْسٍ لَّمَّا عَلَيْهَا حَافِظٌ ۝٤ؕ","Tanzil Simple Clean XML",https://tanzil.net/download/,140787b7c399b11d54bfa72c237075916084232efa8a4cddf704cc8a2a74b1fe,"",""
87:3,87,3,"Al-A'la",INDOPAK,"وَالَّذِيْ قَدَّرَ فَهَدٰي ۝٣ࣕۙ","Tanzil Simple Clean XML",https://tanzil.net/download/,140787b7c399b11d54bfa72c237075916084232efa8a4cddf704cc8a2a74b1fe,"",""
90:5,90,5,Al-Balad,INDOPAK,"اَيَحْسَبُ اَنْ لَّنْ يَّقْدِرَ عَلَيْهِ اَحَدٌ ۝٥ۘ","Tanzil Simple Clean XML",https://tanzil.net/download/,140787b7c399b11d54bfa72c237075916084232efa8a4cddf704cc8a2a74b1fe,"",""
112:1,112,1,Al-Ikhlas,INDOPAK,"قُلْ هُوَ اللّٰهُ اَحَدٌ ۝١ۚ","Tanzil Simple Clean XML",https://tanzil.net/download/,140787b7c399b11d54bfa72c237075916084232efa8a4cddf704cc8a2a74b1fe,"",""
112:2,112,2,Al-Ikhlas,INDOPAK,"اَللّٰهُ الصَّمَدُ ۝٢ۚ","Tanzil Simple Clean XML",https://tanzil.net/download/,140787b7c399b11d54bfa72c237075916084232efa8a4cddf704cc8a2a74b1fe,"",""
112:3,112,3,Al-Ikhlas,INDOPAK,"لَمْ يَلِدْ࣢ۙ وَلَمْ يُوْلَدْ ۝٣ۙ","Tanzil Simple Clean XML",https://tanzil.net/download/,140787b7c399b11d54bfa72c237075916084232efa8a4cddf704cc8a2a74b1fe,"",""
112:4,112,4,Al-Ikhlas,INDOPAK,"وَلَمْ يَكُنْ لَّهٗ كُفُوًا اَحَدٌ ۝٤ࣖ","Tanzil Simple Clean XML",https://tanzil.net/download/,140787b7c399b11d54bfa72c237075916084232efa8a4cddf704cc8a2a74b1fe,"",""
113:1,113,1,Al-Falaq,INDOPAK,"قُلْ اَعُوْذُ بِرَبِّ الْفَلَقِ ۝١ۙ","Tanzil Simple Clean XML",https://tanzil.net/download/,140787b7c399b11d54bfa72c237075916084232efa8a4cddf704cc8a2a74b1fe,"",""
113:2,113,2,Al-Falaq,INDOPAK,"مِنْ شَرِّ مَا خَلَقَ ۝٢ۙ","Tanzil Simple Clean XML",https://tanzil.net/download/,140787b7c399b11d54bfa72c237075916084232efa8a4cddf704cc8a2a74b1fe,"",""
113:3,113,3,Al-Falaq,INDOPAK,"وَمِنْ شَرِّ غَاسِقٍ اِذَا وَقَبَ ۝٣ۙ","Tanzil Simple Clean XML",https://tanzil.net/download/,140787b7c399b11d54bfa72c237075916084232efa8a4cddf704cc8a2a74b1fe,"",""
113:4,113,4,Al-Falaq,INDOPAK,"وَمِنْ شَرِّ النَّفّٰثٰتِ فِي الْعُقَدِ ۝٤ۙ","Tanzil Simple Clean XML",https://tanzil.net/download/,140787b7c399b11d54bfa72c237075916084232efa8a4cddf704cc8a2a74b1fe,"",""
113:5,113,5,Al-Falaq,INDOPAK,"وَمِنْ شَرِّ حَاسِدٍ اِذَا حَسَدَ ۝٥ࣖ","Tanzil Simple Clean XML",https://tanzil.net/download/,140787b7c399b11d54bfa72c237075916084232efa8a4cddf704cc8a2a74b1fe,"",""
114:1,114,1,An-Nas,INDOPAK,"قُلْ اَعُوْذُ بِرَبِّ النَّاسِ ۝١ۙ","Tanzil Simple Clean XML",https://tanzil.net/download/,140787b7c399b11d54bfa72c237075916084232efa8a4cddf704cc8a2a74b1fe,"",""
114:2,114,2,An-Nas,INDOPAK,"مَلِكِ النَّاسِ ۝٢ۙ","Tanzil Simple Clean XML",https://tanzil.net/download/,140787b7c399b11d54bfa72c237075916084232efa8a4cddf704cc8a2a74b1fe,"",""
114:3,114,3,An-Nas,INDOPAK,"اِلٰهِ النَّاسِ ۝٣ۙ","Tanzil Simple Clean XML",https://tanzil.net/download/,140787b7c399b11d54bfa72c237075916084232efa8a4cddf704cc8a2a74b1fe,"",""
114:4,114,4,An-Nas,INDOPAK,"مِنْ شَرِّ الْوَسْوَاسِ࣢ۙ الْخَنَّاسِ ۝٤ࣕۙ","Tanzil Simple Clean XML",https://tanzil.net/download/,140787b7c399b11d54bfa72c237075916084232efa8a4cddf704cc8a2a74b1fe,"",""
114:5,114,5,An-Nas,INDOPAK,"الَّذِيْ يُوَسْوِسُ فِيْ صُدُوْرِ النَّاسِ ۝٥ۙ","Tanzil Simple Clean XML",https://tanzil.net/download/,140787b7c399b11d54bfa72c237075916084232efa8a4cddf704cc8a2a74b1fe,"",""
114:6,114,6,An-Nas,INDOPAK,"مِنَ الْجِنَّةِ وَالنَّاسِ ۝٦ࣖ","Tanzil Simple Clean XML",https://tanzil.net/download/,140787b7c399b11d54bfa72c237075916084232efa8a4cddf704cc8a2a74b1fe,"",""
